{"walls":[{"x":0,"y":0},{"x":700,"y":0},{"x":0,"y":700},{"x":700,"y":700},{"x":0,"y":650},{"x":0,"y":600},{"x":-50,"y":600},{"x":-50,"y":550},{"x":0,"y":550},{"x":0,"y":500},{"x":0,"y":200},{"x":0,"y":150},{"x":0,"y":100},{"x":0,"y":50},{"x":700,"y":50},{"x":700,"y":100},{"x":700,"y":200},{"x":700,"y":250},{"x":700,"y":450},{"x":700,"y":500},{"x":700,"y":550},{"x":700,"y":600},{"x":700,"y":650},{"x":300,"y":450},{"x":300,"y":250},{"x":400,"y":250},{"x":400,"y":450},{"x":250,"y":250},{"x":250,"y":300},{"x":250,"y":400},{"x":450,"y":250},{"x":450,"y":300},{"x":450,"y":400},{"x":450,"y":450},{"x":250,"y":450},{"x":700,"y":150},{"x":150,"y":250},{"x":150,"y":300},{"x":150,"y":350},{"x":150,"y":400},{"x":150,"y":450},{"x":550,"y":250},{"x":550,"y":300},{"x":550,"y":450},{"x":550,"y":400},{"x":550,"y":350},{"x":0,"y":950},{"x":700,"y":950},{"x":700,"y":1000},{"x":650,"y":1000},{"x":600,"y":1000},{"x":550,"y":1000},{"x":500,"y":1000},{"x":450,"y":1000},{"x":400,"y":1000},{"x":350,"y":1000},{"x":300,"y":1000},{"x":250,"y":1000},{"x":200,"y":1000},{"x":150,"y":1000},{"x":100,"y":1000},{"x":50,"y":1000},{"x":0,"y":1000},{"x":700,"y":900},{"x":700,"y":750},{"x":0,"y":-300},{"x":50,"y":-300},{"x":100,"y":-300},{"x":150,"y":-300},{"x":200,"y":-300},{"x":250,"y":-300},{"x":300,"y":-300},{"x":350,"y":-300},{"x":400,"y":-300},{"x":450,"y":-300},{"x":500,"y":-300},{"x":550,"y":-300},{"x":600,"y":-300},{"x":650,"y":-300},{"x":700,"y":-300},{"x":700,"y":-250},{"x":0,"y":-250},{"x":350,"y":-250},{"x":350,"y":600},{"x":350,"y":650},{"x":350,"y":700},{"x":350,"y":950},{"x":100,"y":-200},{"x":100,"y":-150},{"x":100,"y":-100},{"x":150,"y":-100},{"x":200,"y":-100},{"x":200,"y":-150},{"x":150,"y":-200},{"x":150,"y":-150},{"x":200,"y":-200},{"x":250,"y":-200},{"x":250,"y":-150},{"x":250,"y":-100},{"x":450,"y":-200},{"x":450,"y":-150},{"x":500,"y":-150},{"x":550,"y":-150},{"x":600,"y":-150},{"x":600,"y":-200},{"x":550,"y":-200},{"x":500,"y":-200},{"x":450,"y":-100},{"x":500,"y":-100},{"x":550,"y":-100},{"x":600,"y":-100},{"x":100,"y":-50},{"x":150,"y":-50},{"x":200,"y":-50},{"x":250,"y":-50},{"x":450,"y":-50},{"x":500,"y":-50},{"x":550,"y":-50},{"x":600,"y":-50},{"x":600,"y":100},{"x":550,"y":100},{"x":500,"y":100},{"x":200,"y":100},{"x":150,"y":100},{"x":100,"y":100},{"x":100,"y":600},{"x":150,"y":600},{"x":200,"y":600},{"x":500,"y":600},{"x":550,"y":600},{"x":600,"y":600},{"x":350,"y":50},{"x":350,"y":100},{"x":350,"y":0},{"x":100,"y":800},{"x":100,"y":850},{"x":150,"y":850},{"x":200,"y":850},{"x":250,"y":850},{"x":250,"y":800},{"x":200,"y":800},{"x":150,"y":800},{"x":100,"y":900},{"x":150,"y":900},{"x":200,"y":900},{"x":250,"y":900},{"x":450,"y":800},{"x":450,"y":850},{"x":450,"y":900},{"x":500,"y":900},{"x":550,"y":900},{"x":600,"y":900},{"x":600,"y":850},{"x":600,"y":800},{"x":550,"y":800},{"x":500,"y":800},{"x":500,"y":850},{"x":550,"y":850},{"x":100,"y":750},{"x":150,"y":750},{"x":200,"y":750},{"x":250,"y":750},{"x":450,"y":750},{"x":500,"y":750},{"x":550,"y":750},{"x":600,"y":750},{"x":700,"y":-50},{"x":750,"y":-50},{"x":700,"y":-200},{"x":750,"y":-200},{"x":750,"y":250},{"x":800,"y":250},{"x":750,"y":450},{"x":800,"y":450},{"x":850,"y":450},{"x":850,"y":250},{"x":0,"y":-50},{"x":-50,"y":-50},{"x":-100,"y":-50},{"x":0,"y":-200},{"x":-50,"y":-200},{"x":-100,"y":-200},{"x":-150,"y":-200},{"x":0,"y":250},{"x":-50,"y":250},{"x":-100,"y":250},{"x":-150,"y":250},{"x":0,"y":450},{"x":-50,"y":450},{"x":-100,"y":450},{"x":-150,"y":450},{"x":750,"y":750},{"x":800,"y":750},{"x":850,"y":750},{"x":750,"y":900},{"x":800,"y":900},{"x":850,"y":900},{"x":0,"y":750},{"x":-50,"y":750},{"x":-100,"y":750},{"x":-150,"y":750},{"x":0,"y":900},{"x":-50,"y":900},{"x":-100,"y":900},{"x":-150,"y":900},{"x":800,"y":550},{"x":800,"y":600},{"x":800,"y":650},{"x":800,"y":-50},{"x":850,"y":-50},{"x":800,"y":-200},{"x":850,"y":-200},{"x":800,"y":150},{"x":800,"y":100},{"x":800,"y":50}]}