{"walls":[{"x":100,"y":250},{"x":100,"y":50},{"x":150,"y":50},{"x":200,"y":50},{"x":250,"y":50},{"x":250,"y":250},{"x":250,"y":300},{"x":250,"y":350},{"x":250,"y":400},{"x":250,"y":450},{"x":300,"y":50},{"x":350,"y":50},{"x":400,"y":50},{"x":450,"y":50},{"x":500,"y":50},{"x":550,"y":50},{"x":550,"y":250},{"x":550,"y":450},{"x":400,"y":250},{"x":50,"y":550},{"x":-50,"y":750},{"x":300,"y":250},{"x":350,"y":250},{"x":450,"y":250},{"x":200,"y":250},{"x":150,"y":250},{"x":500,"y":250},{"x":600,"y":250},{"x":650,"y":250},{"x":600,"y":50},{"x":650,"y":200},{"x":650,"y":150},{"x":450,"y":200},{"x":450,"y":150},{"x":450,"y":100},{"x":250,"y":200},{"x":250,"y":150},{"x":250,"y":100},{"x":50,"y":200},{"x":50,"y":250},{"x":50,"y":300},{"x":50,"y":350},{"x":50,"y":400},{"x":50,"y":450},{"x":50,"y":500},{"x":650,"y":50},{"x":650,"y":100},{"x":650,"y":300},{"x":650,"y":350},{"x":650,"y":400},{"x":650,"y":450},{"x":650,"y":500},{"x":650,"y":550},{"x":650,"y":600},{"x":650,"y":650},{"x":600,"y":650},{"x":550,"y":650},{"x":500,"y":650},{"x":450,"y":650},{"x":400,"y":650},{"x":350,"y":650},{"x":300,"y":650},{"x":250,"y":650},{"x":200,"y":650},{"x":150,"y":650},{"x":100,"y":650},{"x":50,"y":650},{"x":50,"y":600},{"x":450,"y":450},{"x":450,"y":400},{"x":450,"y":350},{"x":450,"y":300},{"x":100,"y":450},{"x":150,"y":450},{"x":200,"y":450},{"x":300,"y":450},{"x":350,"y":450},{"x":400,"y":450},{"x":500,"y":450},{"x":600,"y":450},{"x":250,"y":500},{"x":250,"y":550},{"x":250,"y":600},{"x":450,"y":500},{"x":450,"y":550},{"x":450,"y":600},{"x":550,"y":150},{"x":350,"y":150},{"x":150,"y":150},{"x":150,"y":350},{"x":150,"y":550},{"x":350,"y":550},{"x":350,"y":350},{"x":550,"y":350},{"x":550,"y":550},{"x":700,"y":450},{"x":700,"y":250},{"x":650,"y":0},{"x":700,"y":50},{"x":0,"y":50},{"x":50,"y":50},{"x":50,"y":100},{"x":50,"y":150},{"x":0,"y":650},{"x":50,"y":700},{"x":700,"y":650},{"x":650,"y":700},{"x":0,"y":450},{"x":0,"y":250},{"x":250,"y":0},{"x":450,"y":0},{"x":450,"y":700},{"x":250,"y":700},{"x":250,"y":-50},{"x":250,"y":-100},{"x":250,"y":-150},{"x":300,"y":-150},{"x":350,"y":-150},{"x":400,"y":-150},{"x":250,"y":-200},{"x":450,"y":-100},{"x":450,"y":-50},{"x":450,"y":-150},{"x":500,"y":-150},{"x":550,"y":-150},{"x":600,"y":-150},{"x":650,"y":-150},{"x":650,"y":-100},{"x":650,"y":-50},{"x":200,"y":-150},{"x":150,"y":-150},{"x":100,"y":-150},{"x":50,"y":-150},{"x":0,"y":-150},{"x":-50,"y":-150},{"x":50,"y":0},{"x":50,"y":-50},{"x":50,"y":-100},{"x":50,"y":-200},{"x":50,"y":-250},{"x":250,"y":-250},{"x":250,"y":-300},{"x":250,"y":-350},{"x":250,"y":-450},{"x":250,"y":-500},{"x":250,"y":-550},{"x":250,"y":-600},{"x":50,"y":-300},{"x":50,"y":-350},{"x":50,"y":-450},{"x":50,"y":-500},{"x":50,"y":-550},{"x":50,"y":-600},{"x":50,"y":-650},{"x":250,"y":-650},{"x":450,"y":-200},{"x":450,"y":-250},{"x":450,"y":-300},{"x":450,"y":-350},{"x":450,"y":-450},{"x":450,"y":-500},{"x":450,"y":-550},{"x":450,"y":-600},{"x":450,"y":-650},{"x":650,"y":-200},{"x":650,"y":-250},{"x":650,"y":-300},{"x":650,"y":-350},{"x":650,"y":-400},{"x":650,"y":-450},{"x":650,"y":-500},{"x":650,"y":-550},{"x":650,"y":-650},{"x":650,"y":-600},{"x":50,"y":-400},{"x":450,"y":-400},{"x":250,"y":-400},{"x":200,"y":-350},{"x":150,"y":-350},{"x":100,"y":-350},{"x":0,"y":-350},{"x":-50,"y":-350},{"x":300,"y":-350},{"x":350,"y":-350},{"x":400,"y":-350},{"x":500,"y":-350},{"x":550,"y":-350},{"x":600,"y":-350},{"x":700,"y":-350},{"x":0,"y":-550},{"x":100,"y":-550},{"x":150,"y":-550},{"x":200,"y":-550},{"x":300,"y":-550},{"x":350,"y":-550},{"x":400,"y":-550},{"x":500,"y":-550},{"x":550,"y":-550},{"x":600,"y":-550},{"x":700,"y":-550},{"x":750,"y":-550},{"x":700,"y":-150},{"x":50,"y":-700},{"x":250,"y":-700},{"x":450,"y":-700},{"x":650,"y":-700},{"x":650,"y":750},{"x":650,"y":800},{"x":650,"y":850},{"x":650,"y":900},{"x":650,"y":950},{"x":650,"y":1000},{"x":650,"y":1050},{"x":650,"y":1100},{"x":650,"y":1150},{"x":650,"y":1200},{"x":650,"y":1250},{"x":650,"y":1300},{"x":450,"y":750},{"x":450,"y":800},{"x":450,"y":850},{"x":450,"y":900},{"x":450,"y":950},{"x":450,"y":1000},{"x":450,"y":1050},{"x":450,"y":1100},{"x":450,"y":1150},{"x":450,"y":1200},{"x":450,"y":1250},{"x":250,"y":750},{"x":250,"y":800},{"x":250,"y":850},{"x":250,"y":900},{"x":250,"y":950},{"x":250,"y":1000},{"x":250,"y":1050},{"x":250,"y":1100},{"x":250,"y":1150},{"x":250,"y":1200},{"x":250,"y":1250},{"x":250,"y":1300},{"x":450,"y":1300},{"x":50,"y":750},{"x":50,"y":800},{"x":50,"y":850},{"x":50,"y":900},{"x":50,"y":950},{"x":50,"y":1000},{"x":50,"y":1050},{"x":50,"y":1100},{"x":50,"y":1150},{"x":50,"y":1200},{"x":50,"y":1250},{"x":50,"y":1300},{"x":0,"y":850},{"x":100,"y":850},{"x":150,"y":850},{"x":200,"y":850},{"x":300,"y":850},{"x":350,"y":850},{"x":400,"y":850},{"x":500,"y":850},{"x":550,"y":850},{"x":600,"y":850},{"x":700,"y":850},{"x":700,"y":1050},{"x":600,"y":1050},{"x":550,"y":1050},{"x":500,"y":1050},{"x":400,"y":1050},{"x":350,"y":1050},{"x":300,"y":1050},{"x":200,"y":1050},{"x":150,"y":1050},{"x":100,"y":1050},{"x":0,"y":1050},{"x":-50,"y":1050},{"x":0,"y":1250},{"x":100,"y":1250},{"x":150,"y":1250},{"x":200,"y":1250},{"x":300,"y":1250},{"x":350,"y":1250},{"x":400,"y":1250},{"x":500,"y":1250},{"x":550,"y":1250},{"x":600,"y":1250},{"x":700,"y":1250},{"x":650,"y":1350},{"x":650,"y":1400},{"x":450,"y":1350},{"x":450,"y":1400},{"x":250,"y":1350},{"x":250,"y":1400},{"x":50,"y":1350},{"x":50,"y":1400},{"x":100,"y":-2150},{"x":100,"y":-2100},{"x":100,"y":-2050},{"x":100,"y":-2000},{"x":100,"y":-1950},{"x":150,"y":-2050},{"x":200,"y":-2050},{"x":200,"y":-2100},{"x":200,"y":-2150},{"x":200,"y":-2000},{"x":200,"y":-1950},{"x":300,"y":-2150},{"x":400,"y":-2150},{"x":350,"y":-2150},{"x":350,"y":-2100},{"x":350,"y":-2050},{"x":350,"y":-2000},{"x":350,"y":-1950},{"x":300,"y":-1950},{"x":400,"y":-1950},{"x":550,"y":-1950},{"x":550,"y":-2050},{"x":550,"y":-2150},{"x":550,"y":-2100},{"x":100,"y":-1850},{"x":150,"y":-1850},{"x":200,"y":-1850},{"x":250,"y":-1850},{"x":300,"y":-1850},{"x":350,"y":-1850},{"x":400,"y":-1850},{"x":450,"y":-1850},{"x":500,"y":-1850},{"x":550,"y":-1850},{"x":50,"y":-1700},{"x":0,"y":-1700},{"x":0,"y":-1650},{"x":0,"y":-1600},{"x":0,"y":-1550},{"x":0,"y":-1500},{"x":50,"y":-1500},{"x":100,"y":-1700},{"x":100,"y":-1500},{"x":50,"y":-1600},{"x":150,"y":-1600},{"x":150,"y":-1550},{"x":200,"y":-1500},{"x":250,"y":-1550},{"x":250,"y":-1600},{"x":350,"y":-1500},{"x":350,"y":-1550},{"x":350,"y":-1600},{"x":400,"y":-1650},{"x":450,"y":-1600},{"x":450,"y":-1550},{"x":450,"y":-1500},{"x":400,"y":-1550},{"x":550,"y":-1500},{"x":600,"y":-1600},{"x":150,"y":-1650},{"x":250,"y":-1650},{"x":700,"y":-1500},{"x":650,"y":-1550},{"x":700,"y":-1650},{"x":700,"y":-1600},{"x":550,"y":-1650},{"x":550,"y":-1600},{"x":700,"y":-1550},{"x":550,"y":-1550},{"x":0,"y":-1400},{"x":50,"y":-1400},{"x":100,"y":-1400},{"x":150,"y":-1400},{"x":200,"y":-1400},{"x":250,"y":-1400},{"x":300,"y":-1400},{"x":350,"y":-1400},{"x":400,"y":-1400},{"x":450,"y":-1400},{"x":500,"y":-1400},{"x":550,"y":-1400},{"x":600,"y":-1400},{"x":650,"y":-1400},{"x":700,"y":-1400},{"x":750,"y":-1400},{"x":800,"y":-1400}]}